"","year","accomplishment","person","gender","category","female","row_num","p_count","p_flag","person_c"
"1",1738,"First free African-American community","Gracia Real de Santa Teresa de Mose","African-American Firsts","Social & Jobs",0,1,0,0,"Gracia Real de Santa Teresa de Mose"
"2",1760,"First known African-American published author","Jupiter Hammon","Female African American Firsts","Arts & Entertainment",1,2,0,0,"Jupiter Hammon"
"3",1768,"First known African-American to be elected to public office","Wentworth Cheswell, town constable in Newmarket, New Hampshire","African-American Firsts","Social & Jobs",0,3,1,0,"Wentworth Cheswell, town constable in Newmarket, New Hampshire"
"4",1773,"First known African-American woman to publish a book","Phillis Wheatley","Female African American Firsts","Arts & Entertainment",1,4,0,0,"Phillis Wheatley"
"5",1773,"First separate African-American church","Silver Bluff Baptist Church, Aiken County, South Carolina","African-American Firsts","Religion",0,5,0,0,"Silver Bluff Baptist Church, Aiken County, South Carolina"
"6",1775,"First African-American to join the Freemasons","Prince Hall","African-American Firsts","Social & Jobs",0,6,0,0,"Prince Hall"
"7",1778,"First African-American U.S. military regiment","The 1st Rhode Island Regiment","African-American Firsts","Military",0,7,0,0,"The 1st Rhode Island Regiment"
"8",1783,"First African-American to formally practice medicine","James Derham, who did not hold an M.D. degree.","African-American Firsts","Education & Science",0,8,3,0,"James Derham, who did not hold an M.D. degree."
"9",1785,"First African-American ordained as a Christian minister in the United States","Rev. Lemuel Haynes. He was ordained in the Congregational Church, which became the United Church of Christ","African-American Firsts","Religion",0,9,2,0,"Rev. Lemuel Haynes. He was ordained in the Congregational Church, which became the United Church of Christ"
"10",1792,"First major African-American Back-to-Africa movement","3,000 Black Loyalist slaves,  who had escaped to British lines during the American Revolutionary War for the promise of freedom, were relocated to Nova Scotia and given land. Later, 1,200 chose to migrate to West Africa and settle in the new British colony of Settler Town, which is present-day Sierra Leone","African-American Firsts","Social & Jobs",0,10,2,1,"3,000 Black Loyalist slaves,  who had escaped to British lines during the American Revolutionary War for the promise of freedom, were relocated to Nova Scotia and given land. Later, 1,200 chose to migrate to West Africa and settle in the new British colony of Settler Town, which is present-day Sierra Leone."
"11",1793,"First African Methodist Episcopal ","Mother Bethel A.M.E. Church, Philadelphia, Pennsylvania was founded by Richard Allen","African-American Firsts","Religion",0,11,3,0,"Mother Bethel A.M.E. Church, Philadelphia, Pennsylvania was founded by Richard Allen"
"12",1794,"First African Episcopal Church established","Absalom Jones founded African Episcopal Church of St. Thomas, Philadelphia, Pennsylvania","Female African American Firsts","Religion",1,12,1,0,"Absalom Jones founded African Episcopal Church of St. Thomas, Philadelphia, Pennsylvania"
"13",1804,"First African-American ordained as an Episcopal priest","Absalom Jones in Philadelphia, Pennsylvania","African-American Firsts","Religion",0,13,0,0,"Absalom Jones in Philadelphia, Pennsylvania"
"14",1807,"First African-American Presbyterian Church in America","First African Presbyterian Church founded in Philadelphia, Pennsylvania by John Gloucester a former slave","African-American Firsts","Religion",0,14,1,0,"First African Presbyterian Church founded in Philadelphia, Pennsylvania by John Gloucester a former slave"
"15",1816,"First fully independent African-American denomination","African Methodist Episcopal Church","African-American Firsts","Religion",0,15,0,0,"African Methodist Episcopal Church"
"16",1821,"First African-American to hold a patent","Thomas L. Jennings, for a dry-cleaning process","African-American Firsts","Education & Science",0,16,1,0,"Thomas L. Jennings, for a dry-cleaning process"
"17",1822,"First African-American captain to sail a whaleship with an all-black crew","Absalom Boston","African-American Firsts","Military",0,17,0,0,"Absalom Boston"
"18",1823,"First African-American to receive a degree from an American college","Alexander Twilight, Middlebury College","African-American Firsts","Education & Science",0,18,0,0,"Alexander Twilight, Middlebury College"
"19",1827,"First African-American owned-and-operated newspaper","Freedom's Journal, founded in New York City by Rev. Peter Williams Jr. and other free blacks","African-American Firsts","Arts & Entertainment",0,19,3,1,"Freedom's Journal, founded in New York City by Rev. Peter Williams Jr. and other free blacks."
"20",1836,"First African-American elected to serve in a state legislature","Alexander Twilight, Vermont","African-American Firsts","Military",0,20,0,0,"Alexander Twilight, Vermont"
"21",1837,"First formally trained African-American medical doctor","Dr James McCune Smith of New York City, who was educated at the University of Glasgow, Scotland, and returned to practice in New York.","African-American Firsts","Education & Science",0,21,1,1,"Dr James McCune Smith of New York City, who was educated at the University of Glasgow, Scotland, and returned to practice in New York.."
"22",1845,"First African-American licensed to practice law","Macon Allen from the Boston bar","African-American Firsts","Law",0,22,0,0,"Macon Allen from the Boston bar"
"23",1847,"First African-American to graduate from a US medical school","Dr. David J. Peck","African-American Firsts","Education & Science",0,23,2,0,"Dr. David J. Peck"
"24",1847,"First African-American president of any nation","Joseph Jenkins Roberts, Liberia","African-American Firsts","Politics",0,24,0,0,"Joseph Jenkins Roberts, Liberia"
"25",1849,"First African-American college professor at a predominantly white institution","Charles L. Reason, New York Central College","African-American Firsts","Education & Science",0,25,1,0,"Charles L. Reason, New York Central College"
"26",1851,"First African-American member of the Society of Jesus ","Patrick Francis Healy","African-American Firsts","Religion",0,26,0,0,"Patrick Francis Healy"
"27",1853,"First novel published by an African-American","Clotel; or, The President's Daughter, by William Wells Brown, then living in London","Female African American Firsts","Arts & Entertainment",1,27,1,1,"Clotel; or, The President's Daughter, by William Wells Brown, then living in London."
"28",1854,"First African-American Roman Catholic priest","James Augustine Healy","African-American Firsts","Religion",0,28,0,0,"James Augustine Healy"
"29",1854,"First institute of higher learning created to educate African-Americans","Ashmun Institute in Pennsylvania, renamed Lincoln University in 1866.","Female African American Firsts","Education & Science",1,29,1,0,"Ashmun Institute in Pennsylvania, renamed Lincoln University in 1866."
"30",1858,"First published play by an African-American","The Escape; or, A Leap for Freedom by William Wells Brown","Female African American Firsts","Arts & Entertainment",1,30,0,0,"The Escape; or, A Leap for Freedom by William Wells Brown"
"31",1858,"First African-American woman college instructor","Sarah Jane Woodson Early, Wilberforce College","Female African American Firsts","Education & Science",1,31,0,0,"Sarah Jane Woodson Early, Wilberforce College"
"32",1861,"First North American military unit with African-American officers","1st Louisiana Native Guard of the Confederate Army","African-American Firsts","Military",0,32,0,0,"1st Louisiana Native Guard of the Confederate Army"
"33",1861,"First African-American US federal government civil servant","William Cooper Nell","African-American Firsts","Politics",0,33,0,0,"William Cooper Nell"
"34",1862,"First African-American woman to earn a B.A.","Mary Jane Patterson, Oberlin College","Female African American Firsts","Education & Science",1,34,0,0,"Mary Jane Patterson, Oberlin College"
"35",1862,"First recognized U.S. Army African-American combat unit","1st South Carolina Volunteers","African-American Firsts","Military",0,35,0,0,"1st South Carolina Volunteers"
"36",1863,"First college owned and operated by African-Americans","Wilberforce University in Ohio","African-American Firsts","Arts & Entertainment",0,36,0,0,"Wilberforce University in Ohio"
"37",1863,"First African-American president of a college","Bishop Daniel Payne","African-American Firsts","Education & Science",0,37,0,0,"Bishop Daniel Payne"
"38",1864,"First African-American woman in the United States to earn an M.D.","Dr. Rebecca Davis Lee Crumpler","Female African American Firsts","Education & Science",1,38,1,0,"Dr. Rebecca Davis Lee Crumpler"
"39",1865,"First African-American field officer in the U.S. Army","Martin Delany","African-American Firsts","Military",0,39,0,0,"Martin Delany"
"40",1865,"First African-American attorney admitted to the bar of the U.S. Supreme Court","John Stewart Rock","African-American Firsts","Law",0,40,0,0,"John Stewart Rock"
"41",1865,"First African-American to be commissioned as captain in the Regular U.S. Army","Orindatus Simon Bolivar Wall, known as OSB Wall","African-American Firsts","Military",0,41,0,0,"Orindatus Simon Bolivar Wall, known as OSB Wall"
"42",1866,"First African-American to earn a Ph.D.","Father Patrick Francis Healy from University of Leuven, Belgium","African-American Firsts","Education & Science",0,42,0,0,"Father Patrick Francis Healy from University of Leuven, Belgium"
"43",1866,"First African-American woman enlistee in the U.S. Army","Cathay Williams","Female African American Firsts","Military",1,43,0,0,"Cathay Williams"
"44",1866,"First African-American woman to serve as a professor","Sarah Jane Woodson Early; Xenia, Ohio's Wilberforce University hired her to teach Latin and English","Female African American Firsts","Military",1,44,0,0,"Sarah Jane Woodson Early; Xenia, Ohio's Wilberforce University hired her to teach Latin and English"
"45",1868,"First elected African-American Lieutenant Governor","Oscar Dunn","African-American Firsts","Politics",0,45,0,0,"Oscar Dunn"
"46",1868,"First African-American mayor","Pierre Caliste Landry, Donaldsonville, Louisiana","African-American Firsts","Politics",0,46,0,0,"Pierre Caliste Landry, Donaldsonville, Louisiana"
"47",1868,"First African-American elected to the U.S. House of Representatives","John Willis Menard. His opponent contested his election, and opposition to his election prevented him from being seated in Congress.","African-American Firsts","Politics",0,47,2,0,"John Willis Menard. His opponent contested his election, and opposition to his election prevented him from being seated in Congress."
"48",1869,"First African-American U.S. diplomat","Ebenezer Don Carlos Bassett, minister to Haiti","African-American Firsts","Politics",0,48,0,0,"Ebenezer Don Carlos Bassett, minister to Haiti"
"49",1869,"First African-American woman school principal","Fanny Jackson Coppin","Female African American Firsts","Education & Science",1,49,0,0,"Fanny Jackson Coppin"
"50",1870,"First African-American to vote in an election under the 15th Amendment to the United States Constitution, granting voting rights regardless of race","Thomas Mundy Peterson","African-American Firsts","Social & Jobs",0,50,0,0,"Thomas Mundy Peterson"
"51",1870,"First African-American to graduate from Harvard College","Richard Theodore Greener","African-American Firsts","Education & Science",0,51,1,0,"Richard Theodore Greener"
"52",1870,"First African-American elected to the U.S. Senate, and first to serve in the U.S. Congress","Hiram Rhodes Revels","African-American Firsts","Military",0,52,0,0,"Hiram Rhodes Revels"
"53",1870,"First African-American to serve in the U.S. House of Representatives","Joseph Rainey","African-American Firsts","Military",0,53,0,0,"Joseph Rainey"
"54",1872,"First African-American midshipman admitted to the United States Naval Academy","John H. Conyers","African-American Firsts","Military",0,54,1,0,"John H. Conyers"
"55",1872,"First African-American governor ","P. B. S. Pinchback of Louisiana","African-American Firsts","Politics",0,55,3,0,"P. B. S. Pinchback of Louisiana"
"56",1872,"First African-American nominee for Vice President of the United States","Frederick Douglass by the Equal Rights Party","African-American Firsts","Politics",0,56,1,0,"Frederick Douglass by the Equal Rights Party"
"57",1874,"First African-American president of a major college/university","Father Patrick Francis Healy, S.J. of Georgetown College.","African-American Firsts","Education & Science",0,57,3,0,"Father Patrick Francis Healy, S.J. of Georgetown College."
"58",1874,"First African-American to preside over the House of Representatives as Speaker pro tempore","Joseph Rainey","African-American Firsts","Politics",0,58,0,0,"Joseph Rainey"
"59",1875,"First African-American Roman Catholic bishop","Bishop James Augustine Healy, of Portland, Maine.","African-American Firsts","Religion",0,59,1,0,"Bishop James Augustine Healy, of Portland, Maine."
"60",1876,"First African-American to earn a doctorate degree from an American university","Edward Alexander Bouchet","African-American Firsts","Education & Science",0,60,0,0,"Edward Alexander Bouchet"
"61",1877,"First African-American graduate of West Point and first African-American commissioned officer in the U.S. military","Henry Ossian Flipper","African-American Firsts","Military",0,61,1,0,"Henry Ossian Flipper"
"62",1878,"First African-American police officer in Boston, Massachusetts","Sergeant Horatio J. Homer","African-American Firsts","Military",0,62,2,0,"Sergeant Horatio J. Homer"
"63",1878,"First African-American baseball player in organized professional baseball","John W. Bud Fowler","African-American Firsts","Education & Science",0,63,2,0,"John W. Bud Fowler"
"64",1879,"First African-American to graduate from a formal nursing school","Mary Eliza Mahoney, Boston, Massachusetts","African-American Firsts","Arts & Entertainment",0,64,1,0,"Mary Eliza Mahoney, Boston, Massachusetts"
"65",1880,"First African-American to command a U.S. ship","Captain Michael Healy","African-American Firsts","Military",0,65,1,0,"Captain Michael Healy"
"66",1881,"First African-American whose signature appeared on U.S. paper currency","Blanche K. Bruce, Register of the Treasury","African-American Firsts","Social & Jobs",0,66,2,0,"Blanche K. Bruce, Register of the Treasury"
"67",1882,"First fully state-supported four-year institution of higher learning for African-Americans","Virginia State University","Female African American Firsts","Education & Science",1,67,0,0,"Virginia State University"
"68",1883,"First known African-American woman to graduate from one of the Seven Sisters colleges","Hortense Parker","Female African American Firsts","Social & Jobs",1,68,0,0,"Hortense Parker"
"69",1884,"First African-American to play professional baseball at the major-league level","Moses Fleetwood Walker.","African-American Firsts","Education & Science",0,69,1,0,"Moses Fleetwood Walker."
"70",1884,"First African-American woman to hold a patent","Judy W. Reed, for an improved dough kneader, Washington, D.C","Female African American Firsts","Education & Science",1,70,3,0,"Judy W. Reed, for an improved dough kneader, Washington, D.C"
"71",1884,"First African-American to enlist in the U.S. Signal Corps","William Hallett Greene","African-American Firsts","Military",0,71,0,0,"William Hallett Greene"
"72",1884,"First African-American to chair a political party's National Convention","John R. Lynch, Republican National Convention","African-American Firsts","Politics",0,72,2,0,"John R. Lynch, Republican National Convention"
"73",1884,"First African-American to deliver a keynote address at a political party's National Convention","John R. Lynch, Republican National Convention","African-American Firsts","Politics",0,73,2,0,"John R. Lynch, Republican National Convention"
"74",1886,"First African-American Roman Catholic priest publicly known at the time to be African-American","Augustine Tolton, Quincy and Chicago, Illinois","African-American Firsts","Social & Jobs",0,74,0,0,"Augustine Tolton, Quincy and Chicago, Illinois"
"75",1890,"First African-American woman to earn a dental degree in the United States","Ida Rollins, University of Michigan","Female African American Firsts","Education & Science",1,75,1,0,"Ida Rollins, University of Michigan"
"76",1890,"First African-American to record a best-selling phonograph record","George Washington Johnson, The Laughing Song and The Whistling Coon","African-American Firsts","Education & Science",0,76,1,0,"George Washington Johnson, The Laughing Song and The Whistling Coon"
"77",1890,"First woman and African-American to earn a military pension for their own military service","Ann Bradford Stokes","Female African American Firsts","Military",1,77,1,0,"Ann Bradford Stokes"
"78",1891,"First African-American police officer in present-day New York City","Wiley Overton, hired by the Brooklyn Police Department prior to 1898 incorporation of the five boroughs into the City of New York.","African-American Firsts","Military",0,78,1,0,"Wiley Overton, hired by the Brooklyn Police Department prior to 1898 incorporation of the five boroughs into the City of New York."
"79",1892,"First African-American to sing at Carnegie Hall","Matilda Sissieretta Joyner Jones","African-American Firsts","Arts & Entertainment",0,79,0,0,"Matilda Sissieretta Joyner Jones"
"80",1892,"First African-American named to a College Football All-America Team","William H. Lewis, Harvard University","African-American Firsts","Education & Science",0,80,1,0,"William H. Lewis, Harvard University"
"81",1895,"First African-American woman to work for the United States Postal Service","Mary Fields","Female African American Firsts","Politics",1,81,0,0,"Mary Fields"
"82",1895,"First African-American to earn a doctorate degree ","W.E.B. Du Bois","African-American Firsts","Education & Science",0,82,3,0,"W.E.B. Du Bois"
"83",1898,"First African-American appointed to serve as U.S. Army Paymaster","Richard R. Wright","African-American Firsts","Military",0,83,1,0,"Richard R. Wright"
"84",1899,"First African-American to achieve world championship in any sport","Major Taylor, for 1-mile track cycling","African-American Firsts","Sports",0,84,0,0,"Major Taylor, for 1-mile track cycling"
"85",1901,"First African-American invited to dine at the White House","Booker T. Washington","African-American Firsts","Social & Jobs",0,85,1,0,"Booker T. Washington"
"86",1902,"First African-American professional basketball player","Harry Lew","African-American Firsts","Education & Science",0,86,0,0,"Harry Lew"
"87",1902,"First African-American boxing champion, Joe Gans a lightweight","NANA","African-American Firsts","Sports",0,87,NA,0,"NANA"
"88",1903,"First Broadway musical written by African-Americans, and the first to star African Americans","In Dahomey","African-American Firsts","Arts & Entertainment",0,88,0,0,"In Dahomey"
"89",1903,"First African-American woman to found and become president of a bank","Maggie L. Walker, St. Luke Penny Savings Bank","Female African American Firsts","Politics",1,89,2,0,"Maggie L. Walker, St. Luke Penny Savings Bank"
"90",1904,"First Greek-letter fraternal organization established by African-Americans","Sigma Pi Phi","Female African American Firsts","Social & Jobs",1,90,0,0,"Sigma Pi Phi"
"91",1904,"First African-American to participate in the Olympic Games, and first to win a medal","George Poage","African-American Firsts","Education & Science",0,91,0,0,"George Poage"
"92",1906,"First intercollegiate Greek-letter organization established by African-Americans","Alpha Phi Alpha","Female African American Firsts","Social & Jobs",1,92,0,0,"Alpha Phi Alpha"
"93",1907,"First African-American Greek Orthodox priest and missionary in America","Very Rev. Fr. Robert Josias Morgan","African-American Firsts","Social & Jobs",0,93,2,0,"Very Rev. Fr. Robert Josias Morgan"
"94",1908,"First African-American heavyweight boxing champion","Jack Johnson","African-American Firsts","Sports",0,94,0,0,"Jack Johnson"
"95",1908,"First African-American Olympic gold medal winner","John Taylor","African-American Firsts","Education & Science",0,95,0,0,"John Taylor"
"96",1908,"First intercollegiate Greek-letter sorority established by African-Americans","Alpha Kappa Alpha","Female African American Firsts","Social & Jobs",1,96,0,0,"Alpha Kappa Alpha"
"97",1910,"First African-American woman millionaire","Madam C. J. Walker","Female African American Firsts","Social & Jobs",1,97,2,0,"Madam C. J. Walker"
"98",1911,"First intercollegiate Greek-letter fraternity established by African-Americans at a historically black college","Omega Psi Phi","Female African American Firsts","Social & Jobs",1,98,0,0,"Omega Psi Phi"
"99",1911,"First African-American police officer in New York City","Samuel J. Battle, following the 1898 incorporation of the five boroughs into the City of New York, and the hiring of three African-American officers in the Brooklyn Police Department. Battle was also the NYPD's first African-American sergeant","African-American Firsts","Military",0,99,2,0,"Samuel J. Battle, following the 1898 incorporation of the five boroughs into the City of New York, and the hiring of three African-American officers in the Brooklyn Police Department. Battle was also the NYPD's first African-American sergeant"
"100",1911,"First African-American attorney admitted to the American Bar Association","Butler R. Wilson","African-American Firsts","Law",0,100,1,0,"Butler R. Wilson"
"101",1914,"First African-American military pilot","Eugene Jacques Bullard","African-American Firsts","Military",0,101,0,0,"Eugene Jacques Bullard"
"102",1915,"First African-American alderman of Chicago","Oscar Stanton De Priest","African-American Firsts","Politics",0,102,0,0,"Oscar Stanton De Priest"
"103",1916,"First African-American to play in a Rose Bowl game","Fritz Pollard, Brown University","African-American Firsts","Sports",0,103,0,0,"Fritz Pollard, Brown University"
"104",1916,"First African-American to become a colonel in the U.S. Army","Charles Young","African-American Firsts","Military",0,104,0,0,"Charles Young"
"105",1917,"First African-American woman to win a major sports title","Lucy Diggs Slowe, American Tennis Association","Female African American Firsts","Sports",1,105,0,0,"Lucy Diggs Slowe, American Tennis Association"
"106",1917,"First African-American to enter the University of Oregon","Mabel Byrd","African-American Firsts","Education & Science",0,106,0,0,"Mabel Byrd"
"107",1919,"First African-American special agent for the FBI","James Wormley Jones","African-American Firsts","Law",0,107,0,0,"James Wormley Jones"
"108",1919,"First African-American women appointed as police officers","Cora I. Parchment at the New York Police Department","African-American Firsts","Military",0,108,1,0,"Cora I. Parchment at the New York Police Department"
"109",1920,"First African-American NFL football players","Fritz Pollard","African-American Firsts","Sports",0,109,0,0,"Fritz Pollard"
"110",1920,"First African-American bishops of the Methodist Episcopal Church","Robert Elijah Jones and Matthew Wesley Clair","African-American Firsts","Religion",0,110,1,0,"Robert Elijah Jones and Matthew Wesley Clair"
"111",1921,"First African-American woman to become an aviation pilot, first American to hold an international pilot license","Bessie Coleman","Female African American Firsts","Social & Jobs",1,111,0,0,"Bessie Coleman"
"112",1921,"First African-American NFL football coach","Fritz Pollard, co-head coach, Akron Pros, while continuing to play running back","African-American Firsts","Sports",0,112,0,1,"Fritz Pollard, co-head coach, Akron Pros, while continuing to play running back."
"113",1921,"First African-American woman to earn a Ph.D. in the U.S.","Sadie Tanner Mossell, Ph.D. in Economics from the University of Pennsylvania","Female African American Firsts","Education & Science",1,113,2,0,"Sadie Tanner Mossell, Ph.D. in Economics from the University of Pennsylvania"
"114",1924,"First African-American to win individual Olympic gold medal","DeHart Hubbard","African-American Firsts","Education & Science",0,114,0,0,"DeHart Hubbard"
"115",1925,"First African-American Foreign Service Officer","Clifton R. Wharton Sr","African-American Firsts","Military",0,115,2,1,"Clifton R. Wharton Sr."
"116",1927,"First African-American to become an officer in the New York Fire Department in New York City","Wesley Augustus Williams","African-American Firsts","Military",0,116,1,0,"Wesley Augustus Williams"
"117",1927,"First African-American to star in an international motion picture","Josephine Baker in La Sirène des tropiques","African-American Firsts","Arts & Entertainment",0,117,1,0,"Josephine Baker in La Sirène des tropiques"
"118",1928,"First post-Reconstruction African-American elected to U.S. House of Representatives","Oscar Stanton De Priest","African-American Firsts","Politics",0,118,0,0,"Oscar Stanton De Priest"
"119",1928,"First African-American woman to serve in a state legislature","Minnie Buckingham Harper, West Virginia","Female African American Firsts","Military",1,119,0,0,"Minnie Buckingham Harper, West Virginia"
"120",1929,"First African-American sportscaster","Sherman Jocko Maxwell","African-American Firsts","Sports",0,120,0,0,"Sherman Jocko Maxwell"
"121",1931,"First African-American composer to have their symphony performed by a leading orchestra","William Grant Still, Symphony No. 1, by Rochester Philharmonic Orchestra","African-American Firsts","Arts & Entertainment",0,121,1,0,"William Grant Still, Symphony No. 1, by Rochester Philharmonic Orchestra"
"122",1931,"First African-American woman to graduate from Yale Law School","Jane Matilda Bolin","Female African American Firsts","Law",1,122,0,0,"Jane Matilda Bolin"
"123",1932,"First African-American on a presidential ticket in the 20th century","James W. Ford","African-American Firsts","Politics",0,123,1,0,"James W. Ford"
"124",1934,"First African-American elected to the U.S. House of Representatives as a Democrat","Arthur W. Mitchell","African-American Firsts","Politics",0,124,1,0,"Arthur W. Mitchell"
"125",1934,"First trade union set up for African-American domestic workers by Dora Lee Jones","NANA","African-American Firsts","Politics",0,125,NA,0,"NANA"
"126",1935,"First known interracial jazz group","Benny Goodman Trio","African-American Firsts","Social & Jobs",0,126,0,0,"Benny Goodman Trio"
"127",1936,"First African-American to conduct a major U.S. orchestra","William Grant Still","African-American Firsts","Arts & Entertainment",0,127,0,0,"William Grant Still"
"128",1936,"First African-American women selected for the Olympic Games","Tidye Pickett and Louise Stokes.:86","African-American Firsts","Politics",0,128,1,0,"Tidye Pickett and Louise Stokes.:86"
"129",1937,"First African-American federal magistrate","William H. Hastie","African-American Firsts","Politics",0,129,1,0,"William H. Hastie"
"130",1938,"First African-American woman federal agency head","Mary McLeod Bethune","Female African American Firsts","Politics",1,130,0,0,"Mary McLeod Bethune"
"131",1938,"First African-American woman elected to a state legislature","Crystal Bird Fauset","Female African American Firsts","Politics",1,131,0,0,"Crystal Bird Fauset"
"132",1939,"First African-American to star in her own television program","Ethel Waters, The Ethel Waters Show, on NBC","Female African American Firsts","Arts & Entertainment",1,132,0,0,"Ethel Waters, The Ethel Waters Show, on NBC"
"133",1940,"First African-American to win an Oscar","Hattie McDaniel","African-American Firsts","Arts & Entertainment",0,133,0,0,"Hattie McDaniel"
"134",1940,"First African-American to be portrayed on a U.S. postage stamp","Booker T. Washington","African-American Firsts","Social & Jobs",0,134,1,0,"Booker T. Washington"
"135",1940,"First African-American flag officer","BG Benjamin O. Davis Sr., U.S. Army","African-American Firsts","Military",0,135,4,1,"BG Benjamin O. Davis Sr., U.S. Army."
"136",1941,"First African-American to give a White House Command Performance","Josh White","African-American Firsts","Military",0,136,0,0,"Josh White"
"137",1942,"First African-American to be awarded the Navy Cross","Doris Miller","African-American Firsts","Military",0,137,0,0,"Doris Miller"
"138",1942,"First African-American member of the U.S. Marine Corps","Alfred Masters","African-American Firsts","Military",0,138,0,0,"Alfred Masters"
"139",1943,"Martin A. Martin, first African-American to become a member of the Trial Bureau of the United States Department of Justice, was sworn in on May 31, 1943.","NANA","African-American Firsts","Politics",0,139,NA,0,"NANA"
"140",1943,"First African-American artists to have a #1 hit on the Billboard charts","Mills Brothers","African-American Firsts","Arts & Entertainment",0,140,0,0,"Mills Brothers"
"141",1944,"First African-American commissioned officers in the U.S. Navy","The Golden Thirteen","African-American Firsts","Military",0,141,0,0,"The Golden Thirteen"
"142",1944,"First African-American commissioned as a U.S. Navy officer from the Naval Reserve Officer Training Corps","Samuel Gravely","African-American Firsts","Military",0,142,1,0,"Samuel Gravely"
"143",1944,"First African-American to co-pastor with a white minister at the first interracial church","Dr. Howard Thurman with Dr. Alfred Fisk, Church for the Fellowship of All Peoples, San Francisco","African-American Firsts","Religion",0,143,2,0,"Dr. Howard Thurman with Dr. Alfred Fisk, Church for the Fellowship of All Peoples, San Francisco"
"144",1944,"First African-American to receive a contract with a major American opera company","Camilla Williams","African-American Firsts","Arts & Entertainment",0,144,0,0,"Camilla Williams"
"145",1944,"First known African-American comic book artist","Matt Baker in Jumbo Comics #69 for Fiction House","African-American Firsts","Arts & Entertainment",0,145,0,0,"Matt Baker in Jumbo Comics #69 for Fiction House"
"146",1944,"First African-American reporter to attend a U.S. presidential news conference","Harry McAlpin","African-American Firsts","Social & Jobs",0,146,0,0,"Harry McAlpin"
"147",1945,"First African-American member of the New York City Opera","Todd Duncan","African-American Firsts","Arts & Entertainment",0,147,0,0,"Todd Duncan"
"148",1945,"First African-American U.S. Marine Corps officer","Frederick C. Branch","African-American Firsts","Military",0,148,1,0,"Frederick C. Branch"
"149",1947,"First African-American Major League Baseball player of the modern era","Jackie Robinson","African-American Firsts","Education & Science",0,149,0,0,"Jackie Robinson"
"150",1947,"First African-American consensus college All-American basketball player","Don Barksdale","African-American Firsts","Education & Science",0,150,0,0,"Don Barksdale"
"151",1947,"First African-American artist to receive sole credit for a #1 hit on the Billboard charts","Count Basie","African-American Firsts","Arts & Entertainment",0,151,0,0,"Count Basie"
"152",1947,"First comic book produced entirely by African-Americans","All-Negro Comics","African-American Firsts","Arts & Entertainment",0,152,0,0,"All-Negro Comics"
"153",1947,"First African-American full-time faculty member at a predominantly white law school","William Robert Ming","African-American Firsts","Law",0,153,0,0,"William Robert Ming"
"154",1947,"First African-American female member of the U.S. House and Senate press galleries","Alice Allison Dunnigan","Female African American Firsts","Social & Jobs",1,154,0,0,"Alice Allison Dunnigan"
"155",1948,"First African-American man to receive an Oscar","James Baskett","African-American Firsts","Arts & Entertainment",0,155,0,0,"James Baskett"
"156",1948,"First African-American U.S. Navy aviator","Jesse L. Brown","African-American Firsts","Military",0,156,1,0,"Jesse L. Brown"
"157",1948,"First African-American composer to have an opera performed by a major U.S. company","William Grant Still","African-American Firsts","Arts & Entertainment",0,157,0,0,"William Grant Still"
"158",1948,"First African-American woman to win an Olympic gold medal","Alice Coachman","Female African American Firsts","Education & Science",1,158,0,0,"Alice Coachman"
"159",1948,"First African-American since Reconstruction to enroll at a traditionally white university of the South","Silas Hunt","African-American Firsts","Education & Science",0,159,0,0,"Silas Hunt"
"160",1948,"First known African-American star of a regularly scheduled network television series","Bob Howard, The Bob Howard Show","African-American Firsts","Arts & Entertainment",0,160,0,0,"Bob Howard, The Bob Howard Show"
"161",1948,"First African-American to star in network television sitcom","Amanda Randolph, The Laytons","African-American Firsts","Arts & Entertainment",0,161,0,0,"Amanda Randolph, The Laytons"
"162",1948,"First African-American male to graduate from Oregon State College","William Tebeau","African-American Firsts","Education & Science",0,162,0,0,"William Tebeau"
"163",1948,"First African-American female reporter to travel with a U.S. president ","Alice Allison Dunnigan","Female African American Firsts","Social & Jobs",1,163,0,0,"Alice Allison Dunnigan"
"164",1949,"First African-American graduate of the U.S. Naval Academy","Wesley Brown","African-American Firsts","Military",0,164,0,0,"Wesley Brown"
"165",1949,"First African-American to hold rank of Ambassador of the United States","Edward R. Dudley, ambassador, and previously minister, to Liberia","African-American Firsts","Education & Science",0,165,1,0,"Edward R. Dudley, ambassador, and previously minister, to Liberia"
"166",1949,"First African-American to win an MVP award in Major League Baseball","Jackie Robinson","African-American Firsts","Education & Science",0,166,0,0,"Jackie Robinson"
"167",1949,"First African-American-owned and -operated radio station","WERD, established October 3, 1949 in Atlanta, Georgia by Jesse B. Blayton Sr","African-American Firsts","Arts & Entertainment",0,167,2,1,"WERD, established October 3, 1949 in Atlanta, Georgia by Jesse B. Blayton Sr."
"168",1949,"First African-American woman president of an NAACP chapter nationwide","Florence LeSueur of Boston's NAACP chapter","Female African American Firsts","Politics",1,168,1,0,"Florence LeSueur of Boston's NAACP chapter"
"169",1950,"First African-American to win a Tony Award","Juanita Hall","African-American Firsts","Arts & Entertainment",0,169,0,0,"Juanita Hall"
"170",1950,"First African-American to win Pulitzer Prize","Gwendolyn Brooks","African-American Firsts","Arts & Entertainment",0,170,0,0,"Gwendolyn Brooks"
"171",1950,"First African-American to win Nobel Peace Prize","Ralph Bunche","African-American Firsts","Education & Science",0,171,0,0,"Ralph Bunche"
"172",1950,"First African-American to receive a lifetime appointment as federal judge","William H. Hastie, U.S. Court of Appeals for the Third Circuit","African-American Firsts","Law",0,172,3,0,"William H. Hastie, U.S. Court of Appeals for the Third Circuit"
"173",1950,"First African-American woman to compete on the world tennis tour","Althea Gibson","Female African American Firsts","Sports",1,173,0,0,"Althea Gibson"
"174",1950,"First African-American solo singer to have a #1 hit on the Billboard charts","Nat King Cole","African-American Firsts","Arts & Entertainment",0,174,0,0,"Nat King Cole"
"175",1950,"First African-American delegate to the United Nations","Edith S. Sampson","African-American Firsts","Politics",0,175,1,0,"Edith S. Sampson"
"176",1950,"First African-American NBA basketball players","Nat Sweetwater Clifton","African-American Firsts","Education & Science",0,176,0,0,"Nat Sweetwater Clifton"
"177",1951,"First African-American named to the College Football Hall of Fame","Duke Slater, University of Iowa","African-American Firsts","Education & Science",0,177,0,0,"Duke Slater, University of Iowa"
"178",1951,"First African-American quarterback to become a regular starter for a professional football team","Bernie Custis","African-American Firsts","Sports",0,178,0,0,"Bernie Custis"
"179",1952,"First African-American driver in NASCAR","Wendell Scott","African-American Firsts","Sports",0,179,0,0,"Wendell Scott"
"180",1952,"First African-American woman elected to a U.S. state senate","Cora Brown,","Female African American Firsts","Politics",1,180,0,0,"Cora Brown,"
"181",1952,"First African-American U.S. Marine Corps aviator","Frank E. Petersen","African-American Firsts","Military",0,181,1,0,"Frank E. Petersen"
"182",1952,"First African-American woman to be nominated for a national political office","Charlotta Bass, Vice President","Female African American Firsts","Politics",1,182,0,0,"Charlotta Bass, Vice President"
"183",1952,"First African-American graduate from University of Arkansas for Medical Sciences","Edith Irby Jones","African-American Firsts","Education & Science",0,183,0,0,"Edith Irby Jones"
"184",1953,"First African-American basketball player to play in the NBA All-Star Game","Don Barksdale in the 1953 NBA All-Star Game","African-American Firsts","Education & Science",0,184,0,0,"Don Barksdale in the 1953 NBA All-Star Game"
"185",1953,"First African-American quarterback to play in the National Football League during the modern ","Willie Thrower","African-American Firsts","Education & Science",0,185,0,0,"Willie Thrower"
"186",1954,"First African-American U.S. Navy Diver","Carl Brashear","African-American Firsts","Military",0,186,0,0,"Carl Brashear"
"187",1954,"First African-American woman to be nominated for the Academy Award for Best Actress","Dorothy Dandridge","Female African American Firsts","Arts & Entertainment",1,187,0,0,"Dorothy Dandridge"
"188",1954,"First individual African-American woman as subject on the cover of Life magazine","Dorothy Dandridge, November 1, 1954","Female African American Firsts","Arts & Entertainment",1,188,0,0,"Dorothy Dandridge, November 1, 1954"
"189",1954,"First African-American page for the U.S. Supreme Court, and first to be enrolled in the Capitol Page School","Charles V. Bush","African-American Firsts","Education & Science",0,189,1,0,"Charles V. Bush"
"190",1955,"First African-American member of the Metropolitan Opera","Marian Anderson","African-American Firsts","Arts & Entertainment",0,190,0,0,"Marian Anderson"
"191",1955,"First African-American male dancer in a major ballet company","Arthur Mitchell","African-American Firsts","Arts & Entertainment",0,191,0,0,"Arthur Mitchell"
"192",1955,"First African-American singer to appear in a telecast opera","Leontyne Price in NBC's production of Tosca","African-American Firsts","Arts & Entertainment",0,192,0,0,"Leontyne Price in NBC's production of Tosca"
"193",1955,"First African-American pilot of a scheduled US airline","August Martin","African-American Firsts","Social & Jobs",0,193,0,0,"August Martin"
"194",1955,"First African-American to serve as a presidential executive assistant","E. Frederic Morrow, appointed by President Eisenhower as Administrative Officer for Special Projects","African-American Firsts","Military",0,194,2,0,"E. Frederic Morrow, appointed by President Eisenhower as Administrative Officer for Special Projects"
"195",1956,"First African-American star of a nationwide network TV show","Nat King Cole of The Nat King Cole Show, NBC","African-American Firsts","Arts & Entertainment",0,195,0,0,"Nat King Cole of The Nat King Cole Show, NBC"
"196",1956,"First African-American U.S. Secret Service agent","Charles Gittens","African-American Firsts","Law",0,196,0,0,"Charles Gittens"
"197",1956,"First African-American to win the Cy Young Award as the top pitcher in Major League Baseball, in the award's inaugural year","Don Newcombe","Female African American Firsts","Education & Science",1,197,0,0,"Don Newcombe"
"198",1957,"First African-American woman Wimbledon Tennis Champion","Althea Gibson","Female African American Firsts","Sports",1,198,0,0,"Althea Gibson"
"199",1957,"First African-American assistant coach in the NFL","Lowell W. Perry","African-American Firsts","Sports",0,199,1,0,"Lowell W. Perry"
"200",1957,"First African-American to win the Best Actor Award at the Cannes Film Festival","John Kitzmiller","African-American Firsts","Education & Science",0,200,0,0,"John Kitzmiller"
"201",1957,"First African-American to win Major League Baseball's Gold Glove, in the award's inaugural year","Willie Mays","African-American Firsts","Education & Science",0,201,0,0,"Willie Mays"
"202",1958,"First African-American to reach number 1 on the Billboard Hot 100","Tommy Edwards","African-American Firsts","Arts & Entertainment",0,202,0,0,"Tommy Edwards"
"203",1958,"First African-American flight attendant","Ruth Carol Taylor","African-American Firsts","Social & Jobs",0,203,0,0,"Ruth Carol Taylor"
"204",1959,"First African-American Grammy Award winners, in the award's inaugural year","Ella Fitzgerald and Count Basie","African-American Firsts","Arts & Entertainment",0,204,0,0,"Ella Fitzgerald and Count Basie"
"205",1959,"First African-American television journalist","Louis Lomax","African-American Firsts","Arts & Entertainment",0,205,0,0,"Louis Lomax"
"206",1959,"First African-American group to reach #1 on the Billboard Hot 100","The Platters","African-American Firsts","Arts & Entertainment",0,206,0,0,"The Platters"
"207",1959,"First African-American to win a major national player of the year award in college basketball","Oscar Robertson, USBWA Player of the Year","African-American Firsts","Education & Science",0,207,0,0,"Oscar Robertson, USBWA Player of the Year"
"208",1960,"First African-American U.S. presidential candidate","Rev. Clennon King, on the Independent Afro-American party","African-American Firsts","Politics",0,208,1,0,"Rev. Clennon King, on the Independent Afro-American party"
"209",1960,"First African-American child to attend an all-white elementary school in the South","Ruby Bridges","African-American Firsts","Education & Science",0,209,0,0,"Ruby Bridges"
"210",1961,"First African-American to win the Heisman Trophy","Ernie Davis","African-American Firsts","Sports",0,210,0,0,"Ernie Davis"
"211",1961,"First African-American to serve on a U.S. district court","James Benton Parsons, appointed to the U.S. District Court for the Northern District of Illinois","African-American Firsts","Military",0,211,2,0,"James Benton Parsons, appointed to the U.S. District Court for the Northern District of Illinois"
"212",1961,"First African-American tenor to sing leading roles for the Metropolitan Opera","George Shirley","African-American Firsts","Arts & Entertainment",0,212,0,0,"George Shirley"
"213",1961,"First African-American delegate to the North Atlantic Treaty Organization","Edith S. Sampson","African-American Firsts","Politics",0,213,1,0,"Edith S. Sampson"
"214",1961,"First African-American to go over Niagara Falls","Nathan Boya a.k.a. William FitzGerald","African-American Firsts","Social & Jobs",0,214,3,0,"Nathan Boya a.k.a. William FitzGerald"
"215",1961,"First African-American to join the PGA Tour","Charlie Sifford","African-American Firsts","Sports",0,215,0,0,"Charlie Sifford"
"216",1962,"First African-American to be inducted into the Baseball Hall of Fame","Jackie Robinson","African-American Firsts","Education & Science",0,216,0,0,"Jackie Robinson"
"217",1962,"First African-American coach in Major League Baseball","John Jordan Buck O'Neil","African-American Firsts","Education & Science",0,217,0,0,"John Jordan Buck O'Neil"
"218",1962,"First African-American attorney general of a state","Edward Brooke","African-American Firsts","Military",0,218,0,0,"Edward Brooke"
"219",1963,"First African-American bank examiner for the United States Department of the Treasury","Roland Burris","African-American Firsts","Politics",0,219,0,0,"Roland Burris"
"220",1963,"First African-American named as Time magazine's Man of the Year","Martin Luther King Jr","African-American Firsts","Arts & Entertainment",0,220,1,1,"Martin Luther King Jr."
"221",1963,"First African-American police officer of the NYPD to be named a precinct commander","Lloyd Sealy, commander of the NYPD's 28th Precinct in Harlem","African-American Firsts","Military",0,221,1,0,"Lloyd Sealy, commander of the NYPD's 28th Precinct in Harlem"
"222",1963,"First African-American to be named American League MVP","Elston Howard","African-American Firsts","Education & Science",0,222,0,0,"Elston Howard"
"223",1963,"First African-American chess master","Walter Harris","African-American Firsts","Social & Jobs",0,223,0,0,"Walter Harris"
"224",1963,"First African-American to appear as a series regular on a primetime dramatic television series","Cicely Tyson, East Side/West Side","African-American Firsts","Arts & Entertainment",0,224,0,0,"Cicely Tyson, East Side/West Side"
"225",1963,"First African-American to be nominated for a Primetime Emmy Award","Diahann Carroll, for Outstanding Single Performance by an Actress in a Lead Role, for episode A Horse Has a Big Head, Let Him Worry of Naked City","African-American Firsts","Arts & Entertainment",0,225,0,1,"Diahann Carroll, for Outstanding Single Performance by an Actress in a Lead Role, for episode A Horse Has a Big Head, Let Him Worry of Naked City."
"226",1963,"First African-Americans inducted to the Basketball Hall of Fame","New York Renaissance, inducted as a team.","African-American Firsts","Education & Science",0,226,1,0,"New York Renaissance, inducted as a team."
"227",1963,"First African-American to graduate from the U.S. Air Force Academy","Charles V. Bush","African-American Firsts","Military",0,227,2,0,"Charles V. Bush"
"228",1964,"First African-American pilot for a major commercial airline","David Harris, American Airlines","African-American Firsts","Social & Jobs",0,228,0,0,"David Harris, American Airlines"
"229",1964,"First movie with African-American interracial marriage","One Potato, Two Potato, actors Bernie Hamilton and Barbara Barrie, written by Orville H. Hampton, Raphael Hayes, directed by Larry Peerce","African-American Firsts","Arts & Entertainment",0,229,1,1,"One Potato, Two Potato, actors Bernie Hamilton and Barbara Barrie, written by Orville H. Hampton, Raphael Hayes, directed by Larry Peerce."
"230",1964,"First African-American baseball player to be named the Major League Baseball World Series MVP","Bob Gibson, St. Louis Cardinals","African-American Firsts","Education & Science",0,230,1,0,"Bob Gibson, St. Louis Cardinals"
"231",1965,"First African-American nationally syndicated cartoonist","Morrie Turner","African-American Firsts","Arts & Entertainment",0,231,0,0,"Morrie Turner"
"232",1965,"First African-American title character of a comic book series","Lobo","African-American Firsts","Arts & Entertainment",0,232,0,0,"Lobo"
"233",1965,"First African-American star of a network television drama","Bill Cosby, I Spy","African-American Firsts","Arts & Entertainment",0,233,0,0,"Bill Cosby, I Spy"
"234",1965,"First African-American cast member of a daytime soap opera","Micki Grant who played Peggy Nolan Harris on Another World until 1972","African-American Firsts","Arts & Entertainment",0,234,1,0,"Micki Grant who played Peggy Nolan Harris on Another World until 1972"
"235",1965,"First African-American Playboy Playmate centerfold","Jennifer Jackson","African-American Firsts","Social & Jobs",0,235,0,0,"Jennifer Jackson"
"236",1965,"First African-American U.S. Air Force General","Benjamin Oliver Davis Jr.","African-American Firsts","Military",0,236,1,1,"Benjamin Oliver Davis Jr.."
"237",1965,"First African-American woman Ambassador of the United States","Patricia Roberts Harris, ambassador to Luxembourg","Female African American Firsts","Education & Science",1,237,0,0,"Patricia Roberts Harris, ambassador to Luxembourg"
"238",1965,"First African-American NFL official","Burl Toler, field judge/head linesman","African-American Firsts","Sports",0,238,0,0,"Burl Toler, field judge/head linesman"
"239",1965,"First African-American to win a national chess championship","Frank Street Jr.","African-American Firsts","Social & Jobs",0,239,1,1,"Frank Street Jr.."
"240",1965,"First African-American United States Solicitor General","Thurgood Marshall","African-American Firsts","Military",0,240,0,0,"Thurgood Marshall"
"241",1966,"First African-American male to be nominated for a Primetime Emmy Award and first African-American to win a Primetime Emmy Award","Bill Cosby, I Spy","African-American Firsts","Arts & Entertainment",0,241,0,0,"Bill Cosby, I Spy"
"242",1966,"First African-American coach in the National Basketball Association","Bill Russell","African-American Firsts","Education & Science",0,242,0,0,"Bill Russell"
"243",1966,"First African-American mayor of a U.S. city","Robert C. Henry,","African-American Firsts","Politics",0,243,1,0,"Robert C. Henry,"
"244",1966,"First African-American model on the cover of a Vogue ","Donyale Luna","African-American Firsts","Arts & Entertainment",0,244,0,0,"Donyale Luna"
"245",1966,"First post-Reconstruction African-American elected to the U.S. Senate ","Edward Brooke","African-American Firsts","Social & Jobs",0,245,0,0,"Edward Brooke"
"246",1966,"First African-American Cabinet secretary","Robert C. Weaver","African-American Firsts","Politics",0,246,1,0,"Robert C. Weaver"
"247",1966,"First African-American Major League Baseball umpire","Emmett Ashford","African-American Firsts","Education & Science",0,247,0,0,"Emmett Ashford"
"248",1966,"First African-American NFL broadcaster","Lowell W. Perry","African-American Firsts","Sports",0,248,1,0,"Lowell W. Perry"
"249",1966,"First African-American fire commissioner of a major U.S. City","Robert O. Lowery of the New York City Fire Department","African-American Firsts","Politics",0,249,1,0,"Robert O. Lowery of the New York City Fire Department"
"250",1967,"First African-American elected mayor of a large US city","Carl B. Stokes","African-American Firsts","Politics",0,250,1,0,"Carl B. Stokes"
"251",1967,"First African-American appointed to the Supreme Court of the United States","Thurgood Marshall","African-American Firsts","Politics",0,251,0,0,"Thurgood Marshall"
"252",1967,"First African-American selected for astronaut training","Robert Henry Lawrence Jr","African-American Firsts","Education & Science",0,252,1,1,"Robert Henry Lawrence Jr."
"253",1967,"First African-American to be inducted into the Pro Football Hall of Fame","Emlen Tunnell","African-American Firsts","Sports",0,253,0,0,"Emlen Tunnell"
"254",1967,"First African-American interracial kiss on network television","Entertainers Nancy Sinatra","African-American Firsts","Arts & Entertainment",0,254,0,0,"Entertainers Nancy Sinatra"
"255",1968,"Best total drama interracial kiss on a network television drama","Uhura, played by Nichelle Nichols","African-American Firsts","Arts & Entertainment",0,255,0,0,"Uhura, played by Nichelle Nichols"
"256",1968,"First African-American woman elected to U.S. House of Representatives","Shirley Chisholm","Female African American Firsts","Politics",1,256,0,0,"Shirley Chisholm"
"257",1968,"First African-American appointed as a United States Assistant Secretary of State","Barbara M. Watson","African-American Firsts","Politics",0,257,1,0,"Barbara M. Watson"
"258",1968,"First African-American to start at quarterback in the modern era of professional football","Marlin Briscoe","African-American Firsts","Education & Science",0,258,0,0,"Marlin Briscoe"
"259",1968,"First African-American commissioned officer awarded the Medal of Honor","Riley L. Pitts","African-American Firsts","Military",0,259,1,0,"Riley L. Pitts"
"260",1968,"First fine-arts museum devoted to African-American work","Studio Museum in Harlem","African-American Firsts","Social & Jobs",0,260,0,0,"Studio Museum in Harlem"
"261",1968,"First African-American actress to star in her own television series where she did not play a domestic worker","Diahann Carroll in Julia","Female African American Firsts","Arts & Entertainment",1,261,0,0,"Diahann Carroll in Julia"
"262",1968,"First African-American woman as Presidential candidate","Charlene Mitchell","Female African American Firsts","Politics",1,262,0,0,"Charlene Mitchell"
"263",1968,"First African-American woman reporter for The New York Times","Nancy Hicks Maynard","Female African American Firsts","Social & Jobs",1,263,0,0,"Nancy Hicks Maynard"
"264",1968,"First African-American starring character of a comic strip","Danny Raven in Dateline","African-American Firsts","Arts & Entertainment",0,264,0,0,"Danny Raven in Dateline"
"265",1968,"First African-American actor to star in the lead role on a TV western series","Otis Young in The Outcasts","African-American Firsts","Arts & Entertainment",0,265,0,0,"Otis Young in The Outcasts"
"266",1969,"First African-American superhero","The Falcon, Marvel Comics' Captain America #117","Female African American Firsts","Arts & Entertainment",1,266,0,0,"The Falcon, Marvel Comics' Captain America #117"
"267",1969,"First African-American graduate of Harvard Business School","Lillian Lincoln","African-American Firsts","Education & Science",0,267,0,0,"Lillian Lincoln"
"268",1969,"First African-American director of a major Hollywood motion picture","Gordon Parks","African-American Firsts","Arts & Entertainment",0,268,0,0,"Gordon Parks"
"269",1969,"First African-American founder of a classical training school and company of ballet","Arthur Mitchell, Dance Theatre of Harlem","African-American Firsts","Education & Science",0,269,0,0,"Arthur Mitchell, Dance Theatre of Harlem"
"270",1969,"First African-American woman to appear on the Grand Ole Opry","Linda Martell","Female African American Firsts","Arts & Entertainment",1,270,0,0,"Linda Martell"
"271",1969,"First African-American to own a commercial airliner","Warren Wheeler","African-American Firsts","Social & Jobs",0,271,0,0,"Warren Wheeler"
"272",1970,"First African-American woman to win a Primetime Emmy Award","Gail Fisher, for Outstanding Supporting Actress in a Drama Series, for Mannix","Female African American Firsts","Arts & Entertainment",1,272,0,0,"Gail Fisher, for Outstanding Supporting Actress in a Drama Series, for Mannix"
"273",1970,"First African-American to head an Episcopal diocese","John Melville Burgess, diocesan bishop of Massachusetts","African-American Firsts","Religion",0,273,0,0,"John Melville Burgess, diocesan bishop of Massachusetts"
"274",1970,"First African-American U.S. Navy Master Diver","Carl Brashear","African-American Firsts","Military",0,274,0,0,"Carl Brashear"
"275",1970,"First African-American member of the New York Stock Exchange","Joseph L. Searles III","African-American Firsts","Social & Jobs",0,275,1,0,"Joseph L. Searles III"
"276",1970,"First African-American NCAA Division I basketball coach","Will Robinson","African-American Firsts","Education & Science",0,276,0,0,"Will Robinson"
"277",1970,"First African-American contestant in the Miss America pageant","Cheryl Browne","African-American Firsts","Social & Jobs",0,277,0,0,"Cheryl Browne"
"278",1971,"First African-American pitcher to be inducted into the Baseball Hall of Fame","Satchel Paige","Female African American Firsts","Education & Science",1,278,0,0,"Satchel Paige"
"279",1971,"First African-American president of the New York City Board of Education","Isaiah Edward Robinson Jr","African-American Firsts","Education & Science",0,279,1,1,"Isaiah Edward Robinson Jr."
"280",1971,"First African-American to win a Golden Globe Award","Gail Fisher for Mannix","African-American Firsts","Arts & Entertainment",0,280,0,0,"Gail Fisher for Mannix"
"281",1971,"First African-American female jockey in the United States","Cheryl White","Female African American Firsts","Politics",1,281,0,0,"Cheryl White"
"282",1971,"First African-American to appear by herself on the cover of Playboy","Darine Stern","Female African American Firsts","Social & Jobs",1,282,0,0,"Darine Stern"
"283",1972,"First African-American to campaign for the United States presidency in a major political party and to win a U.S. presidential primary/caucus","Shirley Chisholm","African-American Firsts","Politics",0,283,0,0,"Shirley Chisholm"
"284",1972,"First African-American superhero to star in own comic-book series","Luke Cage, Marvel Comics' Luke Cage, Hero for Hire #1","Female African American Firsts","Arts & Entertainment",1,284,0,0,"Luke Cage, Marvel Comics' Luke Cage, Hero for Hire #1"
"285",1972,"First African-American National Basketball Association general manager","Wayne Embry","African-American Firsts","Military",0,285,0,0,"Wayne Embry"
"286",1972,"First African-American interracial romantic kiss in a mainstream comics magazine","The Men Who Called Him Monster, by writer Don McGregor","African-American Firsts","Arts & Entertainment",0,286,0,0,"The Men Who Called Him Monster, by writer Don McGregor"
"287",1972,"First African-American interracial male kiss on network television","Sammy Davis Jr.","African-American Firsts","Arts & Entertainment",0,287,1,1,"Sammy Davis Jr.."
"288",1972,"First African-American inducted to the Basketball Hall of Fame","Team-owner and coach Bob Douglas, in the category of contributor","African-American Firsts","Education & Science",0,288,0,0,"Team-owner and coach Bob Douglas, in the category of contributor"
"289",1972,"First African-American woman Broadway director","Vinnette Justine Carroll","Female African American Firsts","Arts & Entertainment",1,289,0,0,"Vinnette Justine Carroll"
"290",1972,"First African-American comic-book creator to receive a created by cover-credit","Wayne Howard","African-American Firsts","Arts & Entertainment",0,290,0,0,"Wayne Howard"
"291",1973,"First African-American artistic director of a professional regional theater","Harold Scott","African-American Firsts","Arts & Entertainment",0,291,0,0,"Harold Scott"
"292",1973,"First African-American Bond villain","Yaphet Kotto, playing Mr. Big/Dr. Kananga, Live and Let Die","African-American Firsts","Arts & Entertainment",0,292,3,0,"Yaphet Kotto, playing Mr. Big/Dr. Kananga, Live and Let Die"
"293",1973,"First African-American Bond Girl in a James Bond movie","Gloria Hendry","African-American Firsts","Arts & Entertainment",0,293,0,0,"Gloria Hendry"
"294",1973,"First African-American elected mayor of Los Angeles","Tom Bradley","African-American Firsts","Politics",0,294,0,0,"Tom Bradley"
"295",1973,"First African-American psychologist in the U.S. Air Force","John D. Robinson","African-American Firsts","Military",0,295,1,0,"John D. Robinson"
"296",1973,"First African-American woman mayor of a U.S. metropolitan city","Doris A. Davis, Compton, California","Female African American Firsts","Politics",1,296,1,0,"Doris A. Davis, Compton, California"
"297",1974,"First African-American model on the cover of American Vogue magazine","Beverly Johnson","African-American Firsts","Arts & Entertainment",0,297,0,0,"Beverly Johnson"
"298",1975,"First African-American elected mayor, and first mayor, of Washington, D.C.","Walter Washington","African-American Firsts","Politics",0,298,0,0,"Walter Washington"
"299",1975,"First African-American game show host","Adam Wade","African-American Firsts","Sports",0,299,0,0,"Adam Wade"
"300",1975,"First African-American four-star general","Daniel James Jr","African-American Firsts","Military",0,300,1,1,"Daniel James Jr."
"301",1975,"First African-American inducted to the Basketball Hall of Fame as a player","Bill Russell","African-American Firsts","Education & Science",0,301,0,0,"Bill Russell"
"302",1975,"First African-American interracial couple in a TV-series cast","The Jeffersons, actors Franklin Cover","African-American Firsts","Arts & Entertainment",0,302,0,0,"The Jeffersons, actors Franklin Cover"
"303",1975,"First African-American interracial romantic kiss in a color comic book","Amazing Adventures #31","African-American Firsts","Arts & Entertainment",0,303,0,0,"Amazing Adventures #31"
"304",1975,"First African-American manager in Major League Baseball","Frank Robinson","African-American Firsts","Education & Science",0,304,0,0,"Frank Robinson"
"305",1975,"First African-American model on the cover of Elle magazine","Beverly Johnson","African-American Firsts","Arts & Entertainment",0,305,0,0,"Beverly Johnson"
"306",1975,"First African-American psychologist in the U.S. Navy","John D. Robinson","African-American Firsts","Military",0,306,1,0,"John D. Robinson"
"307",1975,"First African-American to play in a men's major golf championship","Lee Elder","African-American Firsts","Sports",0,307,0,0,"Lee Elder"
"308",1975,"First African-American to be named Super Bowl MVP in NFL","Franco Harris","African-American Firsts","Education & Science",0,308,0,0,"Franco Harris"
"309",1975,"First African-American women named as Time magazine's Person of the Year","Barbara Jordan and Addie L. Wyatt","African-American Firsts","Arts & Entertainment",0,309,1,0,"Barbara Jordan and Addie L. Wyatt"
"310",1976,"First African-American woman elected officer of international labor union","Addie L. Wyatt","Female African American Firsts","Military",1,310,1,0,"Addie L. Wyatt"
"311",1976,"First African-American appointed as a judge in Federal District Court in Virginia","Robert H. Cooley III","African-American Firsts","Law",0,311,1,0,"Robert H. Cooley III"
"312",1977,"First African-American, and first woman, appointed director of the Peace Corps","Carolyn R. Payton","Female African American Firsts","Arts & Entertainment",1,312,1,0,"Carolyn R. Payton"
"313",1977,"First African-American drafted to play professional basketball, first woman to dunk in a professional women's game","Cardte Hicks","Female African American Firsts","Education & Science",1,313,0,0,"Cardte Hicks"
"314",1977,"First African-American woman in the U.S. Cabinet","Patricia Roberts Harris, Secretary of Housing and Urban Development","Female African American Firsts","Politics",1,314,0,0,"Patricia Roberts Harris, Secretary of Housing and Urban Development"
"315",1977,"First African-American woman whose signature appeared on U.S. currency","Azie Taylor Morton, the 36th Treasurer of the United States","Female African American Firsts","Social & Jobs",1,315,0,0,"Azie Taylor Morton, the 36th Treasurer of the United States"
"316",1977,"First African-American publisher of mainstream gay publication","Alan Bell","Female African American Firsts","Arts & Entertainment",1,316,0,0,"Alan Bell"
"317",1977,"First African-American woman to join the Daughters of the American Revolution","Karen Batchelor","Female African American Firsts","Social & Jobs",1,317,0,0,"Karen Batchelor"
"318",1977,"First African-American Major League Baseball general manager","Bill Lucas","African-American Firsts","Military",0,318,0,0,"Bill Lucas"
"319",1977,"First African-American woman to be ordained as an Episcopal priest","Pauli Murray","Female African American Firsts","Religion",1,319,1,0,"Pauli Murray"
"320",1978,"First African-American broadcast network news anchor","Max Robinson","African-American Firsts","Arts & Entertainment",0,320,0,0,"Max Robinson"
"321",1978,"First African-American woman pilot for a major commercial airline","Jill E. Brown, Texas International Airlines","Female African American Firsts","Social & Jobs",1,321,1,0,"Jill E. Brown, Texas International Airlines"
"322",1979,"First African-American U.S. Marine Corps general officer","Frank E. Petersen","African-American Firsts","Military",0,322,1,0,"Frank E. Petersen"
"323",1979,"First African-American to win a Daytime Emmy Award for lead actor in a soap opera","Al Freeman Jr.","African-American Firsts","Arts & Entertainment",0,323,1,1,"Al Freeman Jr.."
"324",1979,"First African-American woman ordained in the Lutheran Church in America ","Earlean Miller","Female African American Firsts","Religion",1,324,0,0,"Earlean Miller"
"325",1979,"First African-American head coach of a NCAA Division I-A football program","Willie Jeffries","African-American Firsts","Sports",0,325,0,0,"Willie Jeffries"
"326",1980,"First African-American-oriented cable channel","BET","African-American Firsts","Arts & Entertainment",0,326,0,0,"BET"
"327",1981,"First African-American to play in the NHL","Val James","African-American Firsts","Sports",0,327,0,0,"Val James"
"328",1982,"First African-American to receive the Pulitzer Prize for Drama","Charles Fuller for A Soldier's Play","African-American Firsts","Arts & Entertainment",0,328,0,0,"Charles Fuller for A Soldier's Play"
"329",1982,"First African-American inducted to the Basketball Hall of Fame as a coach","Clarence Gaines","African-American Firsts","Education & Science",0,329,0,0,"Clarence Gaines"
"330",1982,"First African-American U.S. Army four-star General","Roscoe Robinson Jr","African-American Firsts","Military",0,330,1,1,"Roscoe Robinson Jr."
"331",1982,"First African-American woman to become a principal dancer of a major American ballet company","Debra Austin at Pennsylvania Ballet","Female African American Firsts","Arts & Entertainment",1,331,0,0,"Debra Austin at Pennsylvania Ballet"
"332",1983,"First African-American astronaut","Guion Bluford","African-American Firsts","Education & Science",0,332,0,0,"Guion Bluford"
"333",1983,"First African-American mayor of Chicago","Harold Washington","African-American Firsts","Politics",0,333,0,0,"Harold Washington"
"334",1983,"First African-American Miss America","Vanessa L. Williams","African-American Firsts","Social & Jobs",0,334,1,0,"Vanessa L. Williams"
"335",1983,"First African-American owners of a major metropolitan newspaper","Robert C. and Nancy Hicks Maynard,","African-American Firsts","Social & Jobs",0,335,1,0,"Robert C. and Nancy Hicks Maynard,"
"336",1983,"First African-American artist to have a video shown on MTV","Michael Jackson","African-American Firsts","Arts & Entertainment",0,336,0,0,"Michael Jackson"
"337",1984,"First African-American to win a delegate-awarding U.S. presidential primary/caucus","Jesse Jackson","African-American Firsts","Politics",0,337,0,0,"Jesse Jackson"
"338",1984,"First African-American New York City Police Commissioner","Benjamin Ward","African-American Firsts","Law",0,338,0,0,"Benjamin Ward"
"339",1985,"First African-American to become a member of the U.S. Navy's Blue Angels precision flying team","Donnie Cochran. Also first African-American to command the team","African-American Firsts","Military",0,339,1,0,"Donnie Cochran. Also first African-American to command the team"
"340",1985,"First African-American woman general","Sherian Cadoria","Female African American Firsts","Military",1,340,0,0,"Sherian Cadoria"
"341",1986,"First African-American Formula One racecar driver","Willy T. Ribbs","African-American Firsts","Sports",0,341,1,0,"Willy T. Ribbs"
"342",1986,"First African-American musicians inducted into the Rock and Roll Hall of Fame, in the inaugural class","Chuck Berry, James Brown, Ray Charles, Sam Cooke, Fats Domino, and Little Richard","African-American Firsts","Arts & Entertainment",0,342,0,1,"Chuck Berry, James Brown, Ray Charles, Sam Cooke, Fats Domino, and Little Richard."
"343",1987,"First African-American woman, and first woman, inducted into the Rock and Roll Hall of Fame","Aretha Franklin","Female African American Firsts","Arts & Entertainment",1,343,0,0,"Aretha Franklin"
"344",1987,"First African-American Radio City Music Hall Rockette","Jennifer Jones","African-American Firsts","Arts & Entertainment",0,344,0,0,"Jennifer Jones"
"345",1987,"First African-American man to sail around the world","Teddy Seymour","African-American Firsts","Social & Jobs",0,345,0,0,"Teddy Seymour"
"346",1988,"First African-American woman elected to a U.S. judgeship, and first appointed to a state supreme court","Juanita Kidd Stout","Female African American Firsts","Law",1,346,0,0,"Juanita Kidd Stout"
"347",1988,"First African-American candidate for President of the United States to obtain ballot access in all 50 states","Lenora Fulani","African-American Firsts","Education & Science",0,347,0,0,"Lenora Fulani"
"348",1988,"First African-American NFL referee","Johnny Grier","African-American Firsts","Sports",0,348,0,0,"Johnny Grier"
"349",1988,"First African-American NFL starting quarterback to win a Super Bowl","Doug Williams","African-American Firsts","Sports",0,349,0,0,"Doug Williams"
"350",1989,"First African-American NFL coach of the modern era","Art Shell, Los Angeles Raiders","African-American Firsts","Education & Science",0,350,0,0,"Art Shell, Los Angeles Raiders"
"351",1989,"First African-American mayor of New York City","David Dinkins","African-American Firsts","Politics",0,351,0,0,"David Dinkins"
"352",1989,"First African-American Chairman of the Joint Chiefs of Staff","Colin Powell","African-American Firsts","Politics",0,352,0,0,"Colin Powell"
"353",1989,"First African-American woman, and first woman, ordained bishop in the Episcopal Church","Barbara Clementine Harris","Female African American Firsts","Religion",1,353,0,0,"Barbara Clementine Harris"
"354",1989,"First African-American Chairman of the Democratic National Committee","Ron Brown","African-American Firsts","Politics",0,354,0,0,"Ron Brown"
"355",1990,"First elected African-American governor","Douglas Wilder","African-American Firsts","Politics",0,355,0,0,"Douglas Wilder"
"356",1990,"First African-American elected president of the Harvard Law Review","Barack Obama","African-American Firsts","Law",0,356,0,0,"Barack Obama"
"357",1990,"First African-American Miss USA","Carole Gist","African-American Firsts","Social & Jobs",0,357,0,0,"Carole Gist"
"358",1990,"First African-American Playboy Playmate of the Year","Renee Tenison","African-American Firsts","Social & Jobs",0,358,0,0,"Renee Tenison"
"359",1990,"First African-American woman to become a principal dancer at Houston Ballet","Lauren Anderson","Female African American Firsts","Arts & Entertainment",1,359,0,0,"Lauren Anderson"
"360",1991,"First African-American nominated for the Academy Award for Best Director","John Singleton for Boyz n the Hood","African-American Firsts","Arts & Entertainment",0,360,0,0,"John Singleton for Boyz n the Hood"
"361",1991,"First African-American to qualify for the Indianapolis 500 auto race","Willy T. Ribbs","African-American Firsts","Sports",0,361,1,0,"Willy T. Ribbs"
"362",1991,"First African-American woman mayor of Washington, D.C.","Sharon Pratt Kelly","Female African American Firsts","Politics",1,362,0,0,"Sharon Pratt Kelly"
"363",1991,"First African-American NBA Coach of the Year","Don Chaney","African-American Firsts","Sports",0,363,0,0,"Don Chaney"
"364",1992,"First African-American woman astronaut","Dr. Mae Jemison","Female African American Firsts","Education & Science",1,364,1,0,"Dr. Mae Jemison"
"365",1992,"First African-American woman elected to U.S. Senate","Carol Moseley Braun","Female African American Firsts","Politics",1,365,0,0,"Carol Moseley Braun"
"366",1992,"First African-American woman to moderate a Presidential debate","Carole Simpson","Female African American Firsts","Education & Science",1,366,0,0,"Carole Simpson"
"367",1992,"First African-American Major League Baseball manager to reach ","Cito Gaston","African-American Firsts","Education & Science",0,367,0,0,"Cito Gaston"
"368",1993,"First African-American woman appointed U.S. Secretary of Energy","Hazel R. O'Leary","Female African American Firsts","Politics",1,368,1,0,"Hazel R. O'Leary"
"369",1993,"First African-American to win the Nobel Prize for Literature","Toni Morrison","African-American Firsts","Education & Science",0,369,0,0,"Toni Morrison"
"370",1993,"First African-American woman named Poet Laureate of the United States","Rita Dove; also the youngest person named to that position","Female African American Firsts","Education & Science",1,370,0,0,"Rita Dove; also the youngest person named to that position"
"371",1993,"First African-American appointed Surgeon General of the United States","Joycelyn Elders","African-American Firsts","Military",0,371,0,0,"Joycelyn Elders"
"372",1993,"First African-American appointed Director of the National Drug Control Policy","Lee P. Brown","African-American Firsts","Arts & Entertainment",0,372,1,0,"Lee P. Brown"
"373",1993,"First African-American United States Secretary of Commerce","Ron Brown","African-American Firsts","Politics",0,373,0,0,"Ron Brown"
"374",1993,"First African-American to serve as home plate umpire for World Series game","Charlie Williams for Game 4 of the 1993 World Series","African-American Firsts","Military",0,374,0,0,"Charlie Williams for Game 4 of the 1993 World Series"
"375",1993,"First African-American to be inducted as a member of the Grand Ole Opry","Charley Pride","African-American Firsts","Arts & Entertainment",0,375,0,0,"Charley Pride"
"376",1994,"First African-American woman director of a major-studio movie","Darnell Martin","Female African American Firsts","Arts & Entertainment",1,376,0,0,"Darnell Martin"
"377",1994,"First African-American to win the United States Amateur Championship","Tiger Woods","African-American Firsts","Politics",0,377,0,0,"Tiger Woods"
"378",1995,"First African-American inductee to the National Radio Hall of Fame","Hal Jackson","African-American Firsts","Arts & Entertainment",0,378,0,0,"Hal Jackson"
"379",1995,"First African-American Sergeant Major of the Army","Gene C. McKinney","African-American Firsts","Military",0,379,1,0,"Gene C. McKinney"
"380",1995,"First African-American Miss Universe","Chelsi Smith","African-American Firsts","Social & Jobs",0,380,0,0,"Chelsi Smith"
"381",1995,"First African-American, and first person, to have a song to debut at number one on the Billboard Hot 100 chart","Michael Jackson","African-American Firsts","Arts & Entertainment",0,381,0,0,"Michael Jackson"
"382",1996,"First African-American U.S. Navy four-star admiral","J. Paul Reason","African-American Firsts","Military",0,382,1,0,"J. Paul Reason"
"383",1997,"First African-American to win a men's major golf championship","Tiger Woods","African-American Firsts","Sports",0,383,0,0,"Tiger Woods"
"384",1997,"First African-American model to appear on the cover of Sports Illustrated Swimsuit Edition","Tyra Banks","African-American Firsts","Education & Science",0,384,0,0,"Tyra Banks"
"385",1997,"First African-American UFC champion","Maurice Smith","African-American Firsts","Sports",0,385,0,0,"Maurice Smith"
"386",1997,"First African-American actor to star in the lead role in a comic-book adaptation movie ","Michael Jai White","African-American Firsts","Arts & Entertainment",0,386,0,0,"Michael Jai White"
"387",1997,"First African-American Director of the National Park Service","Robert Stanton","African-American Firsts","Arts & Entertainment",0,387,0,0,"Robert Stanton"
"388",1998,"First African-American appointed U.S. Secretary of Labor","Alexis Herman","African-American Firsts","Politics",0,388,0,0,"Alexis Herman"
"389",1998,"First African-American woman rear admiral in the U.S. Navy","Lillian Fishburne","Female African American Firsts","Military",1,389,0,0,"Lillian Fishburne"
"390",1998,"First African-American Master Chief Petty Officer of the Coast Guard","Vincent W. Patton III","African-American Firsts","Military",0,390,1,0,"Vincent W. Patton III"
"391",1998,"First African-American to play in the Presidents Cup","Tiger Woods","African-American Firsts","Politics",0,391,0,0,"Tiger Woods"
"392",1998,"First African-American woman tenured full professor at Johns Hopkins University","Fannie Gaston-Johansson","Female African American Firsts","Education & Science",1,392,0,0,"Fannie Gaston-Johansson"
"393",1999,"First African-American to be awarded the International Grandmaster title in chess","Maurice Ashley","African-American Firsts","Social & Jobs",0,393,0,0,"Maurice Ashley"
"394",1999,"First African-American Sergeant Major of the Marine Corps","Alford L. McMichael","African-American Firsts","Military",0,394,1,0,"Alford L. McMichael"
"395",1999,"First African-American CEO of a Fortune 500 company","Franklin Raines of Fannie Mae","African-American Firsts","Social & Jobs",0,395,0,0,"Franklin Raines of Fannie Mae"
"396",1999,"First African-American woman university president","Shirley Ann Jackson at Rensselaer Polytechnic Institute","Female African American Firsts","Education & Science",1,396,0,0,"Shirley Ann Jackson at Rensselaer Polytechnic Institute"
"397",2000,"First African-American nominated for Vice President of the United States by a Federal Election Commission-recognized and federally funded political party","Ezola B. Foster","African-American Firsts","Politics",0,397,1,0,"Ezola B. Foster"
"398",2000,"First African-American to be inducted into the Country Music Hall of Fame","Charley Pride","African-American Firsts","Arts & Entertainment",0,398,0,0,"Charley Pride"
"399",2001,"First African-American Secretary of State","Colin Powell","African-American Firsts","Politics",0,399,0,0,"Colin Powell"
"400",2001,"First African-American president of the United States Conference of Catholic Bishops","The Most Reverend Wilton Daniel Gregory","African-American Firsts","Religion",0,400,0,0,"The Most Reverend Wilton Daniel Gregory"
"401",2001,"First African-American president of the Unitarian Universalist Association","Rev. William G. Sinkford","African-American Firsts","Politics",0,401,2,0,"Rev. William G. Sinkford"
"402",2001,"First African-American president of an Ivy League university","Ruth J. Simmons at Brown University","African-American Firsts","Education & Science",0,402,1,0,"Ruth J. Simmons at Brown University"
"403",2001,"First African-American woman to win the ASCAP Pop Music Songwriter of the Year award","Beyoncé Knowles","Female African American Firsts","Arts & Entertainment",1,403,0,0,"Beyoncé Knowles"
"404",2001,"First African-American woman National Security Advisor","Condoleezza Rice","Female African American Firsts","Politics",1,404,0,0,"Condoleezza Rice"
"405",2001,"First African-American billionaire","Robert L. Johnson, founder of Black Entertainment Television","African-American Firsts","Social & Jobs",0,405,1,0,"Robert L. Johnson, founder of Black Entertainment Television"
"406",2001,"First African-American woman billionaire","Sheila Johnson","Female African American Firsts","Social & Jobs",1,406,0,0,"Sheila Johnson"
"407",2002,"First African-American to become majority owner of a U.S. major sports league team","Robert L. Johnson","African-American Firsts","Social & Jobs",0,407,1,0,"Robert L. Johnson"
"408",2002,"First African-American woman combat pilot in the U.S. Armed Services","Captain Vernice Armour, USMC","Female African American Firsts","Social & Jobs",1,408,0,0,"Captain Vernice Armour, USMC"
"409",2002,"First African-American to be ranked #1 in tennis","Venus Williams","African-American Firsts","Sports",0,409,0,0,"Venus Williams"
"410",2002,"First African-American to be named year-end world champion by the International Tennis Federation","Serena Williams","African-American Firsts","Education & Science",0,410,0,0,"Serena Williams"
"411",2002,"First African-American Arena Football League head coach to win ArenaBowl","Darren Arbet","African-American Firsts","Sports",0,411,0,0,"Darren Arbet"
"412",2002,"First African-American general manager in the National Football League","Ozzie Newsome","African-American Firsts","Military",0,412,0,0,"Ozzie Newsome"
"413",2002,"First African-American woman to win the Academy Award for Best Actress","Halle Berry","Female African American Firsts","Arts & Entertainment",1,413,0,0,"Halle Berry"
"414",2003,"First African-American to win a Career Grand Slam in tennis","Serena Williams","African-American Firsts","Sports",0,414,0,0,"Serena Williams"
"415",2003,"First African-American American Bar Association president","Dennis Archer","African-American Firsts","Law",0,415,0,0,"Dennis Archer"
"416",2004,"First African-American to win Broadway theater's Tony Award for Best Lead Actress in a Play","Phylicia Rashad","African-American Firsts","Arts & Entertainment",0,416,0,0,"Phylicia Rashad"
"417",2004,"First African-American inducted into the World Golf Hall of Fame","Charlie Sifford","African-American Firsts","Sports",0,417,0,0,"Charlie Sifford"
"418",2005,"First African-American woman Secretary of State","Condoleezza Rice","Female African American Firsts","Politics",1,418,0,0,"Condoleezza Rice"
"419",2005,"First African-American woman U.S. Coast Guard aviator","Jeanine Menze","Female African American Firsts","Politics",1,419,0,0,"Jeanine Menze"
"420",2006,"First African-American to command a United States Marine Corps division","Major General Walter E. Gaskin","African-American Firsts","Military",0,420,1,0,"Major General Walter E. Gaskin"
"421",2006,"First African-American to reach the peak of Mount Everest","Sophia Danenberg","African-American Firsts","Social & Jobs",0,421,0,0,"Sophia Danenberg"
"422",2006,"First African-American woman to receive Dharma transmission in Zen Buddhism","Merle Kodo Boyd","Female African American Firsts","Religion",1,422,0,0,"Merle Kodo Boyd"
"423",2006,"First African-American Quarterback inducted into the Pro Football Hall of Fame","Warren Moon","African-American Firsts","Sports",0,423,0,0,"Warren Moon"
"424",2007,"First known African-American woman to reach the North Pole","Barbara Hillary","Female African American Firsts","Social & Jobs",1,424,0,0,"Barbara Hillary"
"425",2007,"First African-American White House Chief Usher","Stephen Rochon","Female African American Firsts","Politics",1,425,0,0,"Stephen Rochon"
"426",2007,"First African-American NFL coach to win a Super Bowl","Tony Dungy","African-American Firsts","Sports",0,426,0,0,"Tony Dungy"
"427",2008,"First African-American to be nominated as a major-party U.S. presidential candidate","Barack Obama, Democratic Party","African-American Firsts","Politics",0,427,0,0,"Barack Obama, Democratic Party"
"428",2008,"First African-American elected President of the United States","Barack Obama","African-American Firsts","Politics",0,428,0,0,"Barack Obama"
"429",2008,"First African-American to referee a Super Bowl game","Mike Carey","African-American Firsts","Sports",0,429,0,0,"Mike Carey"
"430",2008,"First African-American woman elected Speaker of a state House of Representatives","California Rep. Karen Bass","Female African American Firsts","Politics",1,430,1,0,"California Rep. Karen Bass"
"431",2008,"First African-American to be appointed to the United States Senate by a state governor","Roland Burris","African-American Firsts","Politics",0,431,0,0,"Roland Burris"
"432",2008,"First African-American woman combat pilot in the United States Air Force","Major Shawna Rochelle Kimbrell","Female African American Firsts","Military",1,432,0,0,"Major Shawna Rochelle Kimbrell"
"433",2009,"First African-American First Lady of the United States","Michelle Obama","African-American Firsts","Politics",0,433,0,0,"Michelle Obama"
"434",2009,"First African-American chair of the Republican National Committee","Michael Steele","African-American Firsts","Politics",0,434,0,0,"Michael Steele"
"435",2009,"First African-American United States Attorney General","Eric Holder","African-American Firsts","Military",0,435,0,0,"Eric Holder"
"436",2009,"First African-American woman United States Ambassador to the United Nations","Susan Rice","Female African American Firsts","Education & Science",1,436,0,0,"Susan Rice"
"437",2009,"First African-American United States Trade Representative","Ron Kirk","African-American Firsts","Politics",0,437,0,0,"Ron Kirk"
"438",2009,"First African-American woman Administrator of the Environmental Protection Agency","Lisa P. Jackson","Female African American Firsts","Politics",1,438,1,0,"Lisa P. Jackson"
"439",2009,"First African-American White House Social Secretary","Desirée Rogers","African-American Firsts","Politics",0,439,0,0,"Desirée Rogers"
"440",2009,"First African-American to appear by himself on a circulating U.S. coin","Duke Ellington","African-American Firsts","Social & Jobs",0,440,0,0,"Duke Ellington"
"441",2009,"First African-American to win the Pulitzer Prize for History","Annette Gordon-Reed, The Hemingses of Monticello","African-American Firsts","Arts & Entertainment",0,441,0,0,"Annette Gordon-Reed, The Hemingses of Monticello"
"442",2009,"First African-American Administrator of the National Aeronautics and Space Administration","Charles F. Bolden Jr","African-American Firsts","Education & Science",0,442,2,1,"Charles F. Bolden Jr."
"443",2009,"First African-American woman rabbi","Alysa Stanton","Female African American Firsts","Religion",1,443,0,0,"Alysa Stanton"
"444",2009,"First African-American woman CEO of a Fortune 500 company","Ursula Burns, Xerox Corporation","Female African American Firsts","Social & Jobs",1,444,1,0,"Ursula Burns, Xerox Corporation"
"445",2009,"First African-American doubles team to be named year-end world champion by the International Tennis Federation","Serena and Venus Williams","African-American Firsts","Education & Science",0,445,0,0,"Serena and Venus Williams"
"446",2010,"First African-American to win Stanley Cup","Dustin Byfuglien with Chicago Blackhawks","African-American Firsts","Sports",0,446,1,0,"Dustin Byfuglien with Chicago Blackhawks"
"447",2011,"First African-American Director of the Federal Bureau of Prisons","Charles E. Samuels Jr","African-American Firsts","Military",0,447,2,1,"Charles E. Samuels Jr."
"448",2011,"First African-American admitted to the Reconstructionist Rabbinical College","Sandra Lawson","African-American Firsts","Religion",0,448,0,0,"Sandra Lawson"
"449",2012,"First African-American to be re-elected President of the United States","Barack Obama","African-American Firsts","Politics",0,449,0,0,"Barack Obama"
"450",2012,"First African-American Combatant Commander of United States Central Command","Lloyd Austin","African-American Firsts","Military",0,450,0,0,"Lloyd Austin"
"451",2012,"First African-American elected president of the Southern Baptist Convention ","Fred Luter","Female African American Firsts","Politics",1,451,0,0,"Fred Luter"
"452",2012,"First African-American to direct an animated film with a budget in excess of $100 million","Peter Ramsey","African-American Firsts","Social & Jobs",0,452,0,0,"Peter Ramsey"
"453",2013,"First African-American U.S. Senator from the former Confederacy since Reconstruction","Tim Scott","African-American Firsts","Politics",0,453,0,0,"Tim Scott"
"454",2013,"First African-American president of the Academy of Motion Picture Arts and Sciences","Cheryl Boone Isaacs","African-American Firsts","Arts & Entertainment",0,454,0,0,"Cheryl Boone Isaacs"
"455",2013,"First African-American United States Secretary of Homeland Security","Jeh Johnson","African-American Firsts","Politics",0,455,0,0,"Jeh Johnson"
"456",2014,"First African-American woman four-star admiral","Michelle J. Howard","Female African American Firsts","Military",1,456,1,0,"Michelle J. Howard"
"457",2014,"First African-American senator to be elected in the South since Reconstruction","Tim Scott, elected in South Carolina","African-American Firsts","Politics",0,457,0,0,"Tim Scott, elected in South Carolina"
"458",2014,"First African-American woman to be nominated for Best Director by the Golden Globe Awards","Ava DuVernay for Selma","Female African American Firsts","Arts & Entertainment",1,458,0,0,"Ava DuVernay for Selma"
"459",2015,"First African-American woman Attorney General of the United States","Loretta Lynch","Female African American Firsts","Military",1,459,0,0,"Loretta Lynch"
"460",2015,"First African-American to lead a major intelligence agency","Vincent R. Stewart, Defense Intelligence Agency","African-American Firsts","Politics",0,460,1,0,"Vincent R. Stewart, Defense Intelligence Agency"
"461",2015,"First African-American to be inducted into the NASCAR Hall of Fame","Wendell Scott","African-American Firsts","Sports",0,461,0,0,"Wendell Scott"
"462",2015,"First African-American commissioner of a major North American sports league","Jeffrey Orridge, Canadian Football League","African-American Firsts","Politics",0,462,0,0,"Jeffrey Orridge, Canadian Football League"
"463",2015,"First African-American elected as presiding bishop of the Episcopal Church","Bishop Michael Curry","African-American Firsts","Religion",0,463,0,0,"Bishop Michael Curry"
"464",2015,"First African-American woman American Bar Association president","Paulette Brown","Female African American Firsts","Law",1,464,0,0,"Paulette Brown"
"465",2016,"First African-American president of a major broadcast TV network","Channing Dungey","African-American Firsts","Arts & Entertainment",0,465,0,0,"Channing Dungey"
"466",2016,"First African-American Librarian of Congress","Dr. Carla Hayden","African-American Firsts","Education & Science",0,466,1,0,"Dr. Carla Hayden"
"467",2017,"First African-American CEO of a Major League Baseball team","Derek Jeter","African-American Firsts","Social & Jobs",0,467,0,0,"Derek Jeter"
"468",2018,"First African-American artist commissioned for US president portrait to be displayed in the Smithsonian","Kehinde Wiley","African-American Firsts","Arts & Entertainment",0,468,0,0,"Kehinde Wiley"
"469",2018,"First African-American artist commissioned for US first-lady portrait to be displayed in the Smithsonian","Amy Sherald","African-American Firsts","Arts & Entertainment",0,469,0,0,"Amy Sherald"
"470",2018,"First African-American president of the American Psychiatric Association","Altha Stewart","African-American Firsts","Politics",0,470,0,0,"Altha Stewart"
"471",2018,"First African-American woman to be major party nominee for state governor","Stacey Abrams","Female African American Firsts","Politics",1,471,0,0,"Stacey Abrams"
"472",2018,"First African-American superintendent of the United States Military Academy","Darryl A. Williams","African-American Firsts","Military",0,472,1,0,"Darryl A. Williams"
"473",2018,"First African-American woman U.S. Marine Corps general officer","Lorna Mahlock","Female African American Firsts","Military",1,473,0,0,"Lorna Mahlock"
"474",2019,"First African-American to win an Academy Award for Best Costume Design","Ruth E. Carter for Black Panther","African-American Firsts","Arts & Entertainment",0,474,1,0,"Ruth E. Carter for Black Panther"
"475",2019,"First African-American to win an Academy Award for Best Production Design","Hannah Beachler for Black Panther","African-American Firsts","Arts & Entertainment",0,475,0,0,"Hannah Beachler for Black Panther"
"476",2019,"First member of the British royal family of African-American descent by birth","Archie Mountbatten-Windsor","African-American Firsts","Social & Jobs",0,476,0,0,"Archie Mountbatten-Windsor"
"477",2019,"First African-American secretary of the Smithsonian Institution","Lonnie Bunch","African-American Firsts","Arts & Entertainment",0,477,0,0,"Lonnie Bunch"
"478",2019,"First African-American female director of an Association of Zoos and Aquariums-accredited institution","Denise Verret","Female African American Firsts","Arts & Entertainment",1,478,0,0,"Denise Verret"
"479",2019,"First African-American full-time curator at the Guggenheim","Ashley James","African-American Firsts","Arts & Entertainment",0,479,1,0,"Ashley James"
